 Cả Mexico và Canada chỉ tổ chức ở mỗi quốc gia này 13 trận và hầu hết các cuộc tranh tài đỉnh cao của World Cup 2026 đều diễn ra trên đất Mỹ, theo quyết định vừa được FIFA công bố.  Kỳ World Cup đầu tiên được tổ chức với phiên bản 48 đội sẽ diễn ra sau hơn hai năm nữa tại ba quốc gia Bắc Mỹ là Mexico, Mỹ và Canada.  Ở thời điểm hiện tại, ngoại trừ ba đội tuyển các quốc gia đăng cai nghiễm nhiên có mặt tại vòng chung kết, 45 suất vé còn lại vẫn đang là mục tiêu tranh chấp quyết liệt ở tất cả vòng loại các khu vực trên thế giới. Logo chính thức của World Cup 2026 Theo kế hoạch ban đầu, vòng chung kết World Cup 2026 có tổng cộng 80 trận đấu, với Mỹ tổ chức 60 trận và phần còn lại được chia đều quyền tổ chức giữa Canada và Mexico.  Vòng bảng sau này được mở rộng, bổ sung thêm 24 trận và FIFA đã thống nhất việc phân chia theo nguyên tắc mới. Sân BMO Field ở Toronto (Canada) Hai thành phố Toronto và Vancouver sẽ là nơi diễn ra 13 trận đấu trên lãnh thổ Canada, với 7 trận ở Vancouver và 6 trận ở Toronto.  Mexico được trao quyền tổ chức trận khai mạc vòng chung kết World Cup 2026 vào ngày 11-6 tại sân vận động Azteca lịch sử và quốc gia này cũng sẽ tổ chức 13 trận, tương tự Canada. Sân vận động Azteca diễn ra trận khai mạc World Cup 2026 Toàn bộ 78 trận đấu còn lại sẽ diễn ra tại 11 thành phố ở Mỹ, bao gồm cả trận chung kết dự kiến diễn ra vào ngày 19-7- 2026 tại sân vận động MetLife ở New Jersey.  Trận tranh huy chương đồng sẽ diễn ra tại sân vận động Hard Rock ở Miami Gardens, Florida. Sân MetLife - nơi diễn ra trận chung kết World Cup 2026 Lịch thi đấu cụ thể chỉ được công bố sau lễ bốc thăm vào tháng 12-2025. Trước mắt, chỉ có thể biết chương trình tổng thể, gồm các trận đấu thuộc vòng 32 sẽ diễn ra từ ngày 28-6 đến ngày 3-7, vòng 16 từ ngày 4-7 đến ngày 7-7.  Vòng tứ kết của giải sẽ diễn ra từ ngày 9-11-7, hai trận bán kết vào ngày 14 và 15-7. Trận tranh hạng ba sẽ diễn ra trên sân Hard Rock vào ngày 18-7, một ngày trước trận chung kết. 16 thành phố đăng cai World Cup 2026: Mỹ: Atlanta, Boston, Dallas, Houston, Kansas City, Los Angeles, Miami, New York/New Jersey, Philadelphia, San Francisco & Seattle Mexico: Guadalajara, Mexico City, Monterrey Canada: Toronto, Vancouver